,,,best_fitness,best_fitness,best_fitness,function_evals,function_evals,time,time,converged,converged
,,,mean,std,min,mean,std,mean,std,sum,mean
function,dimension,strategy,,,,,,,,,
rastrigin,10,L-BFGS-B,72.963207,17.050488,37.808303,206.433333,44.064751,0.002687,0.000612,0,0.0
rastrigin,10,comma,33.098855,11.023515,11.939499,70020.0,0.0,0.657061,0.002155,0,0.0
rastrigin,10,plus,35.453578,10.469373,19.899141,70020.0,0.0,0.662883,0.007018,0,0.0
sphere,10,L-BFGS-B,0.0,0.0,0.0,38.5,5.594024,0.000523,0.00014,30,1.0
sphere,10,comma,1e-06,0.0,0.0,6465.0,317.044542,0.048304,0.002392,30,1.0
sphere,10,plus,1e-06,0.0,1e-06,6281.666667,297.499155,0.047695,0.002644,30,1.0
