,,,,,best_fitness,best_fitness,best_fitness,generations,generations,function_evals,function_evals,time,time,converged,converged
,,,,,mean,std,min,mean,std,mean,std,mean,std,sum,mean
function,dimension,mu,lambda,strategy,,,,,,,,,,,
rastrigin,10,20,140,comma,34.359131,10.689601,18.904187,500.0,0.0,80020.0,0.0,0.574171,0.002593,0,0.0
rastrigin,10,20,140,plus,34.524962,11.347664,11.939499,500.0,0.0,80020.0,0.0,0.584134,0.018833,0,0.0
rastrigin,20,30,200,comma,90.474539,18.622902,53.727658,500.0,0.0,115030.0,0.0,0.847551,0.015282,0,0.0
sphere,10,15,100,comma,1e-06,0.0,0.0,67.066667,3.666562,7727.666667,421.65465,0.044103,0.002514,30,1.0
sphere,10,15,100,plus,1e-06,0.0,0.0,62.633333,3.167544,7217.833333,364.26753,0.041066,0.002069,30,1.0
sphere,20,15,100,comma,1e-06,0.0,1e-06,137.5,4.546693,15827.5,522.869651,0.091508,0.003335,30,1.0
